first_name,last_name,job,department,role,salary,email
Bert,Scholz,Winzer,HR,Manager,80000,fernando73@example.com
Konstanze,Fechner,Fachinformatiker,Marketing,Analyst,135000,xstey@example.net
Vitali,Ullmann,Fleischer,Finance,Analyst,54000,christophdehmel@example.net
Yasemin,Schmidt,Augenoptiker,HR,Manager,117000,angelanohlmans@example.org
Antonius,Koch,Programmierer,HR,Manager,87000,reinhartgeisler@example.org
Wilfried,Mitschke,Winzer,IT,Developer,94000,dholzapfel@example.com
Bernt,Fiebig,Polizist,Finance,Associate,33000,uwohlgemut@example.com
Helmtrud,Hornig,Mechaniker,HR,Associate,121000,rolf88@example.org
Kläre,Kostolzin,Medizininformatiker,Marketing,Manager,108000,ibrahimgorlitz@example.org
Marie,Mielcarek,Winzer,IT,Associate,114000,qwieloch@example.net
Elsbeth,Bohnbach,Schornsteinfeger,Marketing,Manager,109000,gloria87@example.com
Bärbel,Schuchhardt,Ausbaufacharbeiter,Finance,Manager,125000,zbaerer@example.com
Suzanne,Löchel,Koreanistiker,Finance,Manager,138000,fatima81@example.com
Brita,Hänel,Friseur,Marketing,Associate,127000,stefaniebeckmann@example.com
Xenia,Weller,Schornsteinfeger,HR,Analyst,62000,hornigdoerte@example.net
Rosalinde,Mühle,Elektroniker,Marketing,Developer,60000,ibauer@example.net
Hermann Josef,Zimmer,Designer,HR,Developer,142000,tgierschner@example.com
Samir,Weinhage,Fleischer,Finance,Analyst,31000,gtroest@example.com
Pedro,Römer,Erzieher,Marketing,Manager,56000,karl-georg35@example.com
Henny,Junitz,Elektroniker,IT,Analyst,89000,adelheid73@example.net
Silvester,Häring,Informatiker,IT,Associate,121000,rupertetzler@example.com
Tabea,Berger,Krankenschwester,HR,Developer,70000,tamarahentschel@example.net
Albina,Bähr,Arzt,IT,Developer,52000,fmeyer@example.org
Friedemann,Peukert,Bankkaufmann,IT,Manager,33000,nuri49@example.net
Hans-Friedrich,Trubin,Fleischer,Finance,Analyst,83000,ypaertzelt@example.org
Lutz,Bruder,Chirurgiemechaniker,Finance,Developer,129000,pieperalbertine@example.com
Aleksandra,Heinz,Altenpfleger,HR,Associate,126000,edgar63@example.net
Arno,Hofmann,Winzer,Marketing,Manager,63000,reinhildniemeier@example.org
Vito,Etzold,Ausbaufacharbeiter,HR,Analyst,52000,ubaehr@example.com
Hanife,Bolzmann,Medizininformatiker,Marketing,Associate,128000,sschinke@example.net
Henriette,Müller,Artist,IT,Analyst,64000,arndhornig@example.net
Melitta,Döring,Techniker,HR,Analyst,42000,zreichmann@example.org
Manuela,Conradi,Fleischer,HR,Analyst,75000,verena76@example.net
Laszlo,Bohnbach,Erzieher,IT,Analyst,139000,tsteinberg@example.com
Lambert,Stumpf,Pfleger,Marketing,Analyst,42000,casparkarl-werner@example.org
Mustafa,Finke,Krankenschwester,Finance,Developer,88000,plathanke@example.org
Jaroslaw,Bauer,Binnenschiffer,HR,Analyst,101000,ohermighausen@example.net
Max,Christoph,Ausbaufacharbeiter,Marketing,Manager,127000,sjaentsch@example.net
Heide,Heinrich,Chemikant,IT,Analyst,118000,cathringerlach@example.com
Marc,Siering,Koreanistiker,Marketing,Manager,70000,briemerthaddaeus@example.org
Carin,Schomber,Elektroniker,Marketing,Analyst,91000,schleichjens-peter@example.org
Gerlinde,Oderwald,Pfleger,Marketing,Associate,34000,twulf@example.net
Adolf,Oderwald,Mechaniker,Finance,Associate,33000,gheydrich@example.org
Dorothee,Gröttner,Erzieher,HR,Analyst,75000,meisterstavros@example.net
Wilfried,Klemt,Medizininformatiker,HR,Analyst,110000,fkaul@example.net
Gaetano,Textor,Beamter,HR,Developer,87000,joanabachmann@example.org
Kazim,Hornich,Koreanistiker,Finance,Associate,138000,ygorlitz@example.org
Margarete,Klotz,Mathematiker,HR,Analyst,140000,bolnbachtuerkan@example.org
Heinz-Dieter,Bohnbach,Drogist,Marketing,Associate,70000,preissfalk@example.org
Reinald,Gotthard,Bäcker,Marketing,Analyst,138000,marzenaseidel@example.org
Metin,van der Dussen,Chemikant,IT,Manager,81000,sbloch@example.org
Egbert,Harloff,Koreanistiker,IT,Developer,34000,tiborditschlerin@example.org
Hasso,Heintze,Medizininformatiker,Marketing,Manager,147000,qhahn@example.org
Tillmann,Wieloch,Bankkaufmann,Finance,Associate,107000,anni47@example.org
Knud,Heinz,Krankenschwester,HR,Associate,125000,seipzeynep@example.com
Zeljko,Trupp,Techniker,IT,Associate,134000,pwagenknecht@example.org
Detlev,Drub,Programmierer,Marketing,Analyst,43000,bbarkholz@example.com
Albertine,Schüler,Florist,HR,Developer,98000,ladeckedda@example.net
Aribert,Käster,Elektroniker,HR,Manager,132000,lindnermaike@example.com
Jan,Bloch,Friseur,HR,Associate,114000,gehringerkai-uwe@example.net
Kay-Uwe,Renner,Arzt,Marketing,Manager,126000,denis22@example.com
Iwona,Faust,Friseur,Marketing,Analyst,127000,eminekobelt@example.com
Gunter,Kambs,Ausbaufacharbeiter,Finance,Associate,111000,elenorekraushaar@example.org
Gordon,Rosenow,Augenoptiker,IT,Analyst,141000,rackermann@example.org
Conny,Hering,Informatiker,HR,Analyst,126000,geislerwillibald@example.com
Magnus,Kohl,Bankkaufmann,Marketing,Analyst,47000,fritschtheobald@example.net
Sabina,Hahn,Techniker,Finance,Manager,69000,gottlobgerlach@example.net
Cengiz,Junk,Beamter,IT,Associate,129000,wieslaw16@example.com
Kasimir,Wähner,Drogist,Marketing,Developer,35000,imke70@example.org
Enver,Bauer,Beamter,Marketing,Analyst,95000,abrahammosemann@example.com
Ekrem,Bohnbach,Binnenschiffer,HR,Analyst,129000,marinarogner@example.com
Anselm,Hornich,Drogist,IT,Associate,74000,aennetaesche@example.com
Gerold,Scholz,Techniker,HR,Analyst,82000,segebahnstefano@example.com
Anny,Grein Groth,Bäcker,HR,Developer,36000,joerg-peter63@example.net
Brigitte,Zobel,Altenpfleger,Marketing,Developer,96000,zschenk@example.net
Kai-Uwe,Martin,Polizist,HR,Developer,132000,buchholznikolaj@example.net
Betti,Schweitzer,Drogist,Marketing,Associate,31000,juettnerwolf-dietrich@example.com
Heiderose,Kensy,Medizininformatiker,Marketing,Developer,54000,bohnbachsusanne@example.com
Alberto,Mentzel,Altenpfleger,HR,Analyst,126000,mplath@example.com
Apollonia,Rörricht,Elektroniker,HR,Developer,35000,karsten67@example.com
Hans-Rudolf,Bähr,Designer,HR,Analyst,116000,sabrina97@example.net
Dierk,Schuchhardt,Altenpfleger,Finance,Analyst,133000,itextor@example.org
Christa-Maria,Bärer,Pilot,Marketing,Associate,114000,erkankraus@example.org
Irmengard,Winkler,Fachinformatiker,Finance,Developer,91000,hans-josef15@example.com
Edmund,Kusch,Florist,HR,Analyst,147000,margretschaefer@example.org
Vesna,Barth,Techniker,Marketing,Associate,118000,alwinestolze@example.org
Manuela,Gieß,Bankkaufmann,Marketing,Developer,51000,yjohann@example.net
Uta,Klemt,Florist,Marketing,Developer,67000,karolinarosenow@example.com
Waldemar,Hellwig,Fachinformatiker,IT,Developer,84000,heinerheydrich@example.org
Bodo,Kusch,Pfleger,Marketing,Developer,35000,gertrude16@example.net
Rupert,Pergande,Informatiker,HR,Developer,115000,roggestanislaus@example.com
Hanne,Schacht,Schornsteinfeger,Finance,Developer,60000,eckehardconradi@example.org
Nora,Austermühle,Drogist,Marketing,Analyst,130000,gaetanopechel@example.net
Carmine,Rogner,Programmierer,Marketing,Analyst,99000,juettnerdetlef@example.org
Francesco,Hertrampf,Ausbaufacharbeiter,HR,Developer,95000,soedingmarvin@example.org
Britta,Jacob,Schornsteinfeger,Finance,Manager,111000,katharinarohleder@example.com
Jessica,Holzapfel,Binnenschiffer,Marketing,Manager,52000,cbarkholz@example.com
Jürgen,Juncken,Arzt,Marketing,Developer,89000,harry26@example.org
Lore,Stey,Fachinformatiker,Finance,Manager,39000,dfreudenberger@example.org
Mijo,Drub,Techniker,Finance,Analyst,37000,vassiliosotto@example.com
